<?xml version="1.0" encoding="UTF-8"?>
<root>
  <item name="android.support.v7.app.ActionBar int getDisplayOptions()">
    <annotation name="android.support.annotation.IntDef">
      <val name="flag" val="true" />
      <val name="value" val="{android.support.v7.app.ActionBar.DISPLAY_USE_LOGO, android.support.v7.app.ActionBar.DISPLAY_SHOW_HOME, android.support.v7.app.ActionBar.DISPLAY_HOME_AS_UP, android.support.v7.app.ActionBar.DISPLAY_SHOW_TITLE, android.support.v7.app.ActionBar.DISPLAY_SHOW_CUSTOM}" />
    </annotation>
  </item>
  <item name="android.support.v7.app.ActionBar int getNavigationMode()">
    <annotation name="android.support.annotation.IntDef">
      <val name="value" val="{android.support.v7.app.ActionBar.NAVIGATION_MODE_STANDARD, android.support.v7.app.ActionBar.NAVIGATION_MODE_LIST, android.support.v7.app.ActionBar.NAVIGATION_MODE_TABS}" />
    </annotation>
  </item>
  <item name="android.support.v7.app.ActionBar void setDisplayOptions(int) 0">
    <annotation name="android.support.annotation.IntDef">
      <val name="flag" val="true" />
      <val name="value" val="{android.support.v7.app.ActionBar.DISPLAY_USE_LOGO, android.support.v7.app.ActionBar.DISPLAY_SHOW_HOME, android.support.v7.app.ActionBar.DISPLAY_HOME_AS_UP, android.support.v7.app.ActionBar.DISPLAY_SHOW_TITLE, android.support.v7.app.ActionBar.DISPLAY_SHOW_CUSTOM}" />
    </annotation>
  </item>
  <item name="android.support.v7.app.ActionBar void setDisplayOptions(int, int) 0">
    <annotation name="android.support.annotation.IntDef">
      <val name="flag" val="true" />
      <val name="value" val="{android.support.v7.app.ActionBar.DISPLAY_USE_LOGO, android.support.v7.app.ActionBar.DISPLAY_SHOW_HOME, android.support.v7.app.ActionBar.DISPLAY_HOME_AS_UP, android.support.v7.app.ActionBar.DISPLAY_SHOW_TITLE, android.support.v7.app.ActionBar.DISPLAY_SHOW_CUSTOM}" />
    </annotation>
  </item>
  <item name="android.support.v7.app.ActionBar void setDisplayOptions(int, int) 1">
    <annotation name="android.support.annotation.IntDef">
      <val name="flag" val="true" />
      <val name="value" val="{android.support.v7.app.ActionBar.DISPLAY_USE_LOGO, android.support.v7.app.ActionBar.DISPLAY_SHOW_HOME, android.support.v7.app.ActionBar.DISPLAY_HOME_AS_UP, android.support.v7.app.ActionBar.DISPLAY_SHOW_TITLE, android.support.v7.app.ActionBar.DISPLAY_SHOW_CUSTOM}" />
    </annotation>
  </item>
  <item name="android.support.v7.app.ActionBar void setNavigationMode(int) 0">
    <annotation name="android.support.annotation.IntDef">
      <val name="value" val="{android.support.v7.app.ActionBar.NAVIGATION_MODE_STANDARD, android.support.v7.app.ActionBar.NAVIGATION_MODE_LIST, android.support.v7.app.ActionBar.NAVIGATION_MODE_TABS}" />
    </annotation>
  </item>
  <item name="android.support.v7.app.AppCompatDelegate int getDefaultNightMode()">
    <annotation name="android.support.annotation.IntDef">
      <val name="value" val="{android.support.v7.app.AppCompatDelegate.MODE_NIGHT_NO, android.support.v7.app.AppCompatDelegate.MODE_NIGHT_YES, android.support.v7.app.AppCompatDelegate.MODE_NIGHT_AUTO, android.support.v7.app.AppCompatDelegate.MODE_NIGHT_FOLLOW_SYSTEM}" />
    </annotation>
  </item>
  <item name="android.support.v7.app.AppCompatDelegate sDefaultNightMode">
    <annotation name="android.support.annotation.IntDef">
      <val name="value" val="{android.support.v7.app.AppCompatDelegate.MODE_NIGHT_NO, android.support.v7.app.AppCompatDelegate.MODE_NIGHT_YES, android.support.v7.app.AppCompatDelegate.MODE_NIGHT_AUTO, android.support.v7.app.AppCompatDelegate.MODE_NIGHT_FOLLOW_SYSTEM}" />
    </annotation>
  </item>
  <item name="android.support.v7.app.AppCompatDelegate void setDefaultNightMode(int) 0">
    <annotation name="android.support.annotation.IntDef">
      <val name="value" val="{android.support.v7.app.AppCompatDelegate.MODE_NIGHT_NO, android.support.v7.app.AppCompatDelegate.MODE_NIGHT_YES, android.support.v7.app.AppCompatDelegate.MODE_NIGHT_AUTO, android.support.v7.app.AppCompatDelegate.MODE_NIGHT_FOLLOW_SYSTEM}" />
    </annotation>
  </item>
  <item name="android.support.v7.app.AppCompatDelegate void setLocalNightMode(int) 0">
    <annotation name="android.support.annotation.IntDef">
      <val name="value" val="{android.support.v7.app.AppCompatDelegate.MODE_NIGHT_NO, android.support.v7.app.AppCompatDelegate.MODE_NIGHT_YES, android.support.v7.app.AppCompatDelegate.MODE_NIGHT_AUTO, android.support.v7.app.AppCompatDelegate.MODE_NIGHT_FOLLOW_SYSTEM}" />
    </annotation>
  </item>
  <item name="android.support.v7.app.AppCompatDelegateImplBase void setLocalNightMode(int) 0">
    <annotation name="android.support.annotation.IntDef">
      <val name="value" val="{android.support.v7.app.AppCompatDelegate.MODE_NIGHT_NO, android.support.v7.app.AppCompatDelegate.MODE_NIGHT_YES, android.support.v7.app.AppCompatDelegate.MODE_NIGHT_AUTO, android.support.v7.app.AppCompatDelegate.MODE_NIGHT_FOLLOW_SYSTEM}" />
    </annotation>
  </item>
  <item name="android.support.v7.app.AppCompatDelegateImplV14 boolean updateConfigurationForNightMode(int) 0">
    <annotation name="android.support.annotation.IntDef">
      <val name="value" val="{android.support.v7.app.AppCompatDelegate.MODE_NIGHT_NO, android.support.v7.app.AppCompatDelegate.MODE_NIGHT_YES}" />
    </annotation>
  </item>
  <item name="android.support.v7.app.AppCompatDelegateImplV14 int getNightModeToApply()">
    <annotation name="android.support.annotation.IntDef">
      <val name="value" val="{android.support.v7.app.AppCompatDelegate.MODE_NIGHT_NO, android.support.v7.app.AppCompatDelegate.MODE_NIGHT_YES}" />
    </annotation>
  </item>
  <item name="android.support.v7.app.AppCompatDelegateImplV14 int mapNightModeToYesNo(int)">
    <annotation name="android.support.annotation.IntDef">
      <val name="value" val="{android.support.v7.app.AppCompatDelegate.MODE_NIGHT_NO, android.support.v7.app.AppCompatDelegate.MODE_NIGHT_YES}" />
    </annotation>
  </item>
  <item name="android.support.v7.app.AppCompatDelegateImplV14 int mapNightModeToYesNo(int) 0">
    <annotation name="android.support.annotation.IntDef">
      <val name="value" val="{android.support.v7.app.AppCompatDelegate.MODE_NIGHT_NO, android.support.v7.app.AppCompatDelegate.MODE_NIGHT_YES, android.support.v7.app.AppCompatDelegate.MODE_NIGHT_AUTO, android.support.v7.app.AppCompatDelegate.MODE_NIGHT_FOLLOW_SYSTEM}" />
    </annotation>
  </item>
  <item name="android.support.v7.app.AppCompatDelegateImplV14 mLocalNightMode">
    <annotation name="android.support.annotation.IntDef">
      <val name="value" val="{android.support.v7.app.AppCompatDelegate.MODE_NIGHT_NO, android.support.v7.app.AppCompatDelegate.MODE_NIGHT_YES, android.support.v7.app.AppCompatDelegate.MODE_NIGHT_AUTO, android.support.v7.app.AppCompatDelegate.MODE_NIGHT_FOLLOW_SYSTEM}" />
    </annotation>
  </item>
  <item name="android.support.v7.app.AppCompatDelegateImplV14 void setLocalNightMode(int) 0">
    <annotation name="android.support.annotation.IntDef">
      <val name="value" val="{android.support.v7.app.AppCompatDelegate.MODE_NIGHT_NO, android.support.v7.app.AppCompatDelegate.MODE_NIGHT_YES, android.support.v7.app.AppCompatDelegate.MODE_NIGHT_AUTO, android.support.v7.app.AppCompatDelegate.MODE_NIGHT_FOLLOW_SYSTEM}" />
    </annotation>
  </item>
  <item name="android.support.v7.app.ToolbarActionBar void setDisplayOptions(int) 0">
    <annotation name="android.support.annotation.IntDef">
      <val name="flag" val="true" />
      <val name="value" val="{android.support.v7.app.ActionBar.DISPLAY_USE_LOGO, android.support.v7.app.ActionBar.DISPLAY_SHOW_HOME, android.support.v7.app.ActionBar.DISPLAY_HOME_AS_UP, android.support.v7.app.ActionBar.DISPLAY_SHOW_TITLE, android.support.v7.app.ActionBar.DISPLAY_SHOW_CUSTOM}" />
    </annotation>
  </item>
  <item name="android.support.v7.app.ToolbarActionBar void setDisplayOptions(int, int) 0">
    <annotation name="android.support.annotation.IntDef">
      <val name="flag" val="true" />
      <val name="value" val="{android.support.v7.app.ActionBar.DISPLAY_USE_LOGO, android.support.v7.app.ActionBar.DISPLAY_SHOW_HOME, android.support.v7.app.ActionBar.DISPLAY_HOME_AS_UP, android.support.v7.app.ActionBar.DISPLAY_SHOW_TITLE, android.support.v7.app.ActionBar.DISPLAY_SHOW_CUSTOM}" />
    </annotation>
  </item>
  <item name="android.support.v7.app.ToolbarActionBar void setDisplayOptions(int, int) 1">
    <annotation name="android.support.annotation.IntDef">
      <val name="flag" val="true" />
      <val name="value" val="{android.support.v7.app.ActionBar.DISPLAY_USE_LOGO, android.support.v7.app.ActionBar.DISPLAY_SHOW_HOME, android.support.v7.app.ActionBar.DISPLAY_HOME_AS_UP, android.support.v7.app.ActionBar.DISPLAY_SHOW_TITLE, android.support.v7.app.ActionBar.DISPLAY_SHOW_CUSTOM}" />
    </annotation>
  </item>
  <item name="android.support.v7.app.ToolbarActionBar void setNavigationMode(int) 0">
    <annotation name="android.support.annotation.IntDef">
      <val name="value" val="{android.support.v7.app.ActionBar.NAVIGATION_MODE_STANDARD, android.support.v7.app.ActionBar.NAVIGATION_MODE_LIST, android.support.v7.app.ActionBar.NAVIGATION_MODE_TABS}" />
    </annotation>
  </item>
</root>

